request_id,amount_safe_to_pay,affordability_status,recommended_payment_method,payment_plan,earliest_date_for_full_payment,spending_changes_needed,decision_explanation
request_26,15656000,affordable_now,full_payment,2025-08-03:15656000,2025-08-03,none,Balance comfortably covers the full IDR 15656000 on 2025-08-03 while keeping at least IDR 24768300 after all projected essentials.
request_27,6670,affordable_now,full_payment,2026-07-05:6670,2026-07-05,none,Balance comfortably covers the full ZAR 6670 on 2026-07-05 while keeping at least ZAR 20500 after all projected essentials.
request_28,456.4,affordable_with_plan,wait,2024-06-15:1302.4,2024-06-15,stop:event_2512|stop:event_2513,"Paying in full today would drop the balance below the required EUR 1100. The first safe full-payment date is 2024-06-15, before the deadline of 2024-08-15."
request_29,47835.05,not_affordable,not_recommended,none,,none,Requested ZAR 51524 cannot be paid within the forecast window without breaking the minimum balance of ZAR 28300; safe amount today is ZAR 47835.05.
request_30,775.2,affordable_now,full_payment,2026-04-06:775.2,2026-04-06,none,Balance comfortably covers the full USD 775.2 on 2026-04-06 while keeping at least USD 900 after all projected essentials.
request_31,6020301.45,affordable_later,wait,2024-09-15:18164000,2024-09-15,none,"Paying in full today would drop the balance below the required IDR 16588900. The first safe full-payment date is 2024-09-15, before the deadline of 2024-11-15."
request_32,0,not_affordable,not_recommended,none,,none,Requested ZAR 40018 cannot be paid within the forecast window without breaking the minimum balance of ZAR 35700; safe amount today is ZAR 0.
request_33,55570,affordable_later,wait,2026-01-15:118000,2026-01-15,none,"Paying in full today would drop the balance below the required INR 102100. The first safe full-payment date is 2026-01-15, before the deadline of 2026-03-15."
request_34,129400,affordable_now,full_payment,2024-12-04:129400,2024-12-04,none,Balance comfortably covers the full INR 129400 on 2024-12-04 while keeping at least INR 138500 after all projected essentials.
request_35,57299.45,affordable_later,wait,2025-12-15:212000,2025-12-15,none,"Paying in full today would drop the balance below the required INR 106400. The first safe full-payment date is 2025-12-15, before the deadline of 2026-01-15."
request_36,1109.34,affordable_later,wait,2026-08-15:3954,2026-08-15,none,"Paying in full today would drop the balance below the required USD 2400. The first safe full-payment date is 2026-08-15, before the deadline of 2026-09-15."
request_37,7238476.15,affordable_later,wait,2024-03-15:14649000,2024-03-15,none,"Paying in full today would drop the balance below the required IDR 17056200. The first safe full-payment date is 2024-03-15, before the deadline of 2024-05-15."
request_38,256.29,affordable_later,wait,2025-09-15:971.3,2025-09-15,none,"Paying in full today would drop the balance below the required EUR 400. The first safe full-payment date is 2025-09-15, before the deadline of 2025-10-15."
request_39,93819.75,affordable_later,wait,2026-04-15:208600,2026-04-15,none,"Paying in full today would drop the balance below the required INR 213400. The first safe full-payment date is 2026-04-15, before the deadline of 2026-06-15."
request_40,0,not_affordable,not_recommended,none,,none,Requested EUR 1290.3 cannot be paid within the forecast window without breaking the minimum balance of EUR 1500; safe amount today is EUR 0.
request_41,15748161.29,affordable_later,wait,2025-11-15:38760000,2025-11-15,none,"Paying in full today would drop the balance below the required IDR 25366600. The first safe full-payment date is 2025-11-15, before the deadline of 2026-01-15."
request_42,52100,affordable_now,full_payment,2026-01-05:52100,2026-01-05,none,Balance comfortably covers the full INR 52100 on 2026-01-05 while keeping at least INR 113100 after all projected essentials.
request_43,9837762.66,affordable_later,wait,2024-10-15:43339000,2024-10-15,none,"Paying in full today would drop the balance below the required IDR 21398000. The first safe full-payment date is 2024-10-15, before the deadline of 2024-11-15."
request_44,0,not_affordable,not_recommended,none,,none,Requested INR 95800 cannot be paid within the forecast window without breaking the minimum balance of INR 82900; safe amount today is INR 0.
request_45,6456079.31,affordable_later,wait,2026-08-15:21983000,2026-08-15,none,"Paying in full today would drop the balance below the required IDR 11149800. The first safe full-payment date is 2026-08-15, before the deadline of 2026-09-15."
request_46,49450,affordable_now,full_payment,2024-12-03:49450,2024-12-03,none,Balance comfortably covers the full INR 49450 on 2024-12-03 while keeping at least INR 84000 after all projected essentials.
request_47,38114000,affordable_now,full_payment,2025-05-05:38114000,2025-05-05,none,Balance comfortably covers the full IDR 38114000 on 2025-05-05 while keeping at least IDR 30049000 after all projected essentials.
request_48,45700,affordable_now,full_payment,2026-07-25:45700,2026-07-25,none,Balance comfortably covers the full INR 45700 on 2026-07-25 while keeping at least INR 71300 after all projected essentials.
request_49,16742679.48,affordable_with_plan,installments,2024-03-18:11902106.67|2024-04-18:11902106.67|2024-05-19:11902106.67,2024-03-15,none,"Installment option payment_option_133 (3 payments of IDR 11902106.67 starting 2024-03-18) keeps the balance above IDR 20275700 and completes by 2024-05-19, adding 2746640.02 in financing cost."
request_50,43900,affordable_now,full_payment,2025-08-06:43900,2025-08-06,none,Balance comfortably covers the full INR 43900 on 2025-08-06 while keeping at least INR 99700 after all projected essentials.
request_51,2191000,affordable_now,full_payment,2026-01-03:2191000,2026-01-03,none,Balance comfortably covers the full IDR 2191000 on 2026-01-03 while keeping at least IDR 7811000 after all projected essentials.
request_52,21894.72,affordable_later,wait,2024-06-15:28870,2024-06-15,none,"Paying in full today would drop the balance below the required INR 41500. The first safe full-payment date is 2024-06-15, before the deadline of 2024-07-09."
request_53,714.42,affordable_with_plan,installments,2025-11-21:589.06|2025-12-19:589.06|2026-01-16:589.06,2025-11-15,none,"Installment option payment_option_145 (3 payments of USD 589.06 starting 2025-11-21) keeps the balance above USD 2100 and completes by 2026-01-16, adding 135.96 in financing cost."
request_54,8019.34,not_affordable,not_recommended,none,,none,Requested ZAR 121528 cannot be paid within the forecast window without breaking the minimum balance of ZAR 37000; safe amount today is ZAR 8019.34.
request_55,140623.49,affordable_with_plan,installments,2026-06-11:75781.33|2026-07-12:75781.33|2026-08-12:75781.33,2026-06-15,none,"Installment option payment_option_151 (3 payments of INR 75781.33 starting 2026-06-11) keeps the balance above INR 124300 and completes by 2026-08-12, adding 17487.98 in financing cost."
request_56,881.56,affordable_now,full_payment,2025-02-03:881.56,2025-02-03,none,Balance comfortably covers the full USD 881.56 on 2025-02-03 while keeping at least USD 2100 after all projected essentials.
request_57,16871.35,affordable_later,wait,2026-05-15:61446,2026-05-15,none,"Paying in full today would drop the balance below the required ZAR 42700. The first safe full-payment date is 2026-05-15, before the deadline of 2026-06-15."
request_58,16226000,affordable_now,full_payment,2024-12-07:16226000,2024-12-07,none,Balance comfortably covers the full IDR 16226000 on 2024-12-07 while keeping at least IDR 14433900 after all projected essentials.
request_59,140600,affordable_now,full_payment,2025-05-04:140600,2025-05-04,none,Balance comfortably covers the full INR 140600 on 2025-05-04 while keeping at least INR 132600 after all projected essentials.
request_60,199.89,affordable_now,full_payment,2026-01-06:199.89,2026-01-06,none,Balance comfortably covers the full USD 199.89 on 2026-01-06 while keeping at least USD 400 after all projected essentials.
request_61,29062,affordable_now,full_payment,2024-03-03:29062,2024-03-03,none,Balance comfortably covers the full ZAR 29062 on 2024-03-03 while keeping at least ZAR 36700 after all projected essentials.
request_62,404.23,affordable_now,full_payment,2025-08-05:404.23,2025-08-05,none,Balance comfortably covers the full USD 404.23 on 2025-08-05 while keeping at least USD 1300 after all projected essentials.
request_63,67352.73,affordable_with_plan,partial_payment,2026-07-07:67352.73|2026-07-15:276547.27,2026-07-15,none,"Only INR 67352.73 is safe today; the remaining INR 276547.27 can be paid on 2026-07-15, completing before the deadline without touching the INR 153500 minimum."
request_64,0,not_affordable,not_recommended,none,,none,Requested INR 63700 cannot be paid within the forecast window without breaking the minimum balance of INR 36100; safe amount today is INR 0.
request_65,9484.6,not_affordable,not_recommended,none,,none,Requested ZAR 54340 cannot be paid within the forecast window without breaking the minimum balance of ZAR 15500; safe amount today is ZAR 9484.6.
request_66,22200,affordable_now,full_payment,2026-04-03:22200,2026-04-03,none,Balance comfortably covers the full INR 22200 on 2026-04-03 while keeping at least INR 80700 after all projected essentials.
request_67,604.04,affordable_later,wait,2024-09-15:2094,2024-09-15,none,"Paying in full today would drop the balance below the required USD 1200. The first safe full-payment date is 2024-09-15, before the deadline of 2024-11-15."
request_68,1796.83,affordable_with_plan,installments,2025-02-14:725.09|2025-03-14:725.09|2025-04-11:725.09,2025-02-15,none,"Installment option payment_option_187 (3 payments of USD 725.09 starting 2025-02-14) keeps the balance above USD 1500 and completes by 2025-04-11, adding 167.34 in financing cost."
request_69,529.1,affordable_now,full_payment,2026-01-04:529.1,2026-01-04,none,Balance comfortably covers the full EUR 529.1 on 2026-01-04 while keeping at least EUR 700 after all projected essentials.
request_70,60672.49,affordable_later,wait,2025-01-15:243900,2025-01-15,none,"Paying in full today would drop the balance below the required INR 115000. The first safe full-payment date is 2025-01-15, before the deadline of 2025-02-15."
request_71,2556860.72,not_affordable,not_recommended,none,,none,Requested IDR 21451000 cannot be paid within the forecast window without breaking the minimum balance of IDR 8884800; safe amount today is IDR 2556860.72.
request_72,0,not_affordable,not_recommended,none,,none,Requested ZAR 11330 cannot be paid within the forecast window without breaking the minimum balance of ZAR 12200; safe amount today is ZAR 0.
request_73,71400,affordable_now,full_payment,2023-01-20:71400,2023-01-20,none,Balance comfortably covers the full INR 71400 on 2023-01-20 while keeping at least INR 103200 after all projected essentials.
request_74,5010,affordable_now,full_payment,2025-08-04:5010,2025-08-04,none,Balance comfortably covers the full ZAR 5010 on 2025-08-04 while keeping at least ZAR 21900 after all projected essentials.
request_75,28270,affordable_now,full_payment,2026-04-06:28270,2026-04-06,none,Balance comfortably covers the full ZAR 28270 on 2026-04-06 while keeping at least ZAR 39000 after all projected essentials.
request_76,1216.83,not_affordable,not_recommended,none,,none,Requested USD 4455.6 cannot be paid within the forecast window without breaking the minimum balance of USD 1800; safe amount today is USD 1216.83.
request_77,60700,affordable_now,full_payment,2025-11-05:60700,2025-11-05,none,Balance comfortably covers the full INR 60700 on 2025-11-05 while keeping at least INR 82200 after all projected essentials.
request_78,50200,affordable_now,full_payment,2025-10-02:50200,2025-10-02,none,Balance comfortably covers the full INR 50200 on 2025-10-02 while keeping at least INR 55200 after all projected essentials.
request_79,534.8,affordable_with_plan,partial_payment,2024-09-04:534.8|2024-09-15:1616.8,2024-09-15,none,"Only EUR 534.8 is safe today; the remaining EUR 1616.8 can be paid on 2024-09-15, completing before the deadline without touching the EUR 1000 minimum."
request_80,125410,not_affordable,not_recommended,none,,none,Requested INR 217500 cannot be paid within the forecast window without breaking the minimum balance of INR 121300; safe amount today is INR 125410.
request_81,2076,affordable_now,full_payment,2026-07-03:2076,2026-07-03,none,Balance comfortably covers the full USD 2076 on 2026-07-03 while keeping at least USD 1600 after all projected essentials.
request_82,625.55,affordable_later,wait,2024-12-15:1405.2,2024-12-15,none,"Paying in full today would drop the balance below the required USD 1100. The first safe full-payment date is 2024-12-15, before the deadline of 2025-02-15."
request_83,0,not_affordable,not_recommended,none,,none,Requested INR 156200 cannot be paid within the forecast window without breaking the minimum balance of INR 37800; safe amount today is INR 0.
request_84,43689.87,affordable_later,wait,2026-04-15:95400,2026-04-15,none,"Paying in full today would drop the balance below the required INR 91300. The first safe full-payment date is 2026-04-15, before the deadline of 2026-06-15."
request_85,1595373.14,not_affordable,not_recommended,none,,none,Requested IDR 19304000 cannot be paid within the forecast window without breaking the minimum balance of IDR 6396300; safe amount today is IDR 1595373.14.
request_86,46300,affordable_now,full_payment,2025-08-03:46300,2025-08-03,none,Balance comfortably covers the full INR 46300 on 2025-08-03 while keeping at least INR 84900 after all projected essentials.
request_87,0,not_affordable,not_recommended,none,,none,Requested INR 487900 cannot be paid within the forecast window without breaking the minimum balance of INR 185900; safe amount today is INR 0.
request_88,11959.79,affordable_with_plan,installments,2024-06-14:9045.23|2024-07-15:9045.23|2024-08-15:9045.23,2024-06-15,none,"Installment option payment_option_245 (3 payments of ZAR 9045.23 starting 2024-06-14) keeps the balance above ZAR 25800 and completes by 2024-08-15, adding 2087.38 in financing cost."
request_89,11603691.75,affordable_with_plan,installments,2025-11-18:4768746.67|2025-12-16:4768746.67|2026-01-13:4768746.67,2025-11-15,none,"Installment option payment_option_248 (3 payments of IDR 4768746.67 starting 2025-11-18) keeps the balance above IDR 12534700 and completes by 2026-01-13, adding 1100480.02 in financing cost."
request_90,2560,affordable_now,full_payment,2026-07-06:2560,2026-07-06,none,Balance comfortably covers the full ZAR 2560 on 2026-07-06 while keeping at least ZAR 7600 after all projected essentials.
request_91,840.76,affordable_later,wait,2024-09-15:1927.2,2024-09-15,none,"Paying in full today would drop the balance below the required EUR 2100. The first safe full-payment date is 2024-09-15, before the deadline of 2024-11-15."
request_92,34034,affordable_now,full_payment,2025-02-05:34034,2025-02-05,none,Balance comfortably covers the full ZAR 34034 on 2025-02-05 while keeping at least ZAR 28100 after all projected essentials.
request_93,1729.2,affordable_now,full_payment,2026-04-07:1729.2,2026-04-07,none,Balance comfortably covers the full USD 1729.2 on 2026-04-07 while keeping at least USD 1900 after all projected essentials.
request_94,572,affordable_now,full_payment,2024-12-04:572,2024-12-04,none,Balance comfortably covers the full EUR 572 on 2024-12-04 while keeping at least EUR 600 after all projected essentials.
request_95,83542.01,not_affordable,not_recommended,none,,none,Requested INR 553000 cannot be paid within the forecast window without breaking the minimum balance of INR 145500; safe amount today is INR 83542.01.
request_96,85190.59,not_affordable,not_recommended,none,,none,Requested INR 90200 cannot be paid within the forecast window without breaking the minimum balance of INR 56500; safe amount today is INR 85190.59.
request_97,3038.06,affordable_with_plan,installments,2024-03-19:8145.28|2024-04-19:8145.28|2024-05-20:8145.28,2024-03-15,none,"Installment option payment_option_272 (3 payments of ZAR 8145.28 starting 2024-03-19) keeps the balance above ZAR 29700 and completes by 2024-05-20, adding 1879.68 in financing cost."
request_98,12678.34,affordable_later,wait,2025-08-15:27148,2025-08-15,none,"Paying in full today would drop the balance below the required ZAR 30000. The first safe full-payment date is 2025-08-15, before the deadline of 2025-10-15."
request_99,18062,affordable_now,full_payment,2026-07-04:18062,2026-07-04,none,Balance comfortably covers the full ZAR 18062 on 2026-07-04 while keeping at least ZAR 49100 after all projected essentials.
request_100,31359.03,affordable_with_plan,installments,2024-06-13:12866.19|2024-07-14:12866.19|2024-08-14:12866.19,2024-06-15,none,"Installment option payment_option_281 (3 payments of ZAR 12866.19 starting 2024-06-13) keeps the balance above ZAR 32500 and completes by 2024-08-14, adding 2969.14 in financing cost."
request_101,143500,affordable_now,full_payment,2025-11-03:143500,2025-11-03,none,Balance comfortably covers the full INR 143500 on 2025-11-03 while keeping at least INR 187400 after all projected essentials.
request_102,1716,affordable_now,full_payment,2026-04-05:1716,2026-04-05,none,Balance comfortably covers the full EUR 1716 on 2026-04-05 while keeping at least EUR 900 after all projected essentials.
request_103,22448.03,not_affordable,not_recommended,none,,none,Requested INR 368300 cannot be paid within the forecast window without breaking the minimum balance of INR 125500; safe amount today is INR 22448.03.
request_104,17204,affordable_now,full_payment,2025-02-04:17204,2025-02-04,none,Balance comfortably covers the full ZAR 17204 on 2025-02-04 while keeping at least ZAR 24700 after all projected essentials.
request_105,53500,affordable_now,full_payment,2026-06-08:53500,2026-06-08,none,Balance comfortably covers the full INR 53500 on 2026-06-08 while keeping at least INR 73900 after all projected essentials.
request_106,544.8,affordable_later,wait,2025-01-15:2207.7,2025-01-15,none,"Paying in full today would drop the balance below the required EUR 1200. The first safe full-payment date is 2025-01-15, before the deadline of 2025-02-15."
request_107,0,not_affordable,not_recommended,none,,none,Requested EUR 2534.4 cannot be paid within the forecast window without breaking the minimum balance of EUR 1600; safe amount today is EUR 0.
request_108,6993.8,not_affordable,not_recommended,none,,none,Requested ZAR 55308 cannot be paid within the forecast window without breaking the minimum balance of ZAR 24100; safe amount today is ZAR 6993.8.
request_109,997.84,affordable_with_plan,installments,2024-03-18:645.98|2024-04-18:645.98|2024-05-19:645.98,2024-03-15,none,"Installment option payment_option_307 (3 payments of EUR 645.98 starting 2024-03-18) keeps the balance above EUR 1700 and completes by 2024-05-19, adding 149.08 in financing cost."
request_110,22352,affordable_now,full_payment,2025-08-06:22352,2025-08-06,none,Balance comfortably covers the full ZAR 22352 on 2025-08-06 while keeping at least ZAR 11200 after all projected essentials.
request_111,16625000,affordable_now,full_payment,2026-04-03:16625000,2026-04-03,none,Balance comfortably covers the full IDR 16625000 on 2026-04-03 while keeping at least IDR 23022800 after all projected essentials.
request_112,0,not_affordable,not_recommended,none,,none,Requested EUR 271.7 cannot be paid within the forecast window without breaking the minimum balance of EUR 500; safe amount today is EUR 0.
request_113,36500,affordable_now,full_payment,2026-09-04:36500,2026-09-04,none,Balance comfortably covers the full INR 36500 on 2026-09-04 while keeping at least INR 82300 after all projected essentials.
request_114,65300,affordable_now,full_payment,2026-01-04:65300,2026-01-04,none,Balance comfortably covers the full INR 65300 on 2026-01-04 while keeping at least INR 113400 after all projected essentials.
request_115,16687.93,affordable_later,wait,2024-10-15:80500,2024-10-15,none,"Paying in full today would drop the balance below the required INR 38800. The first safe full-payment date is 2024-10-15, before the deadline of 2024-11-15."
request_116,27240.4,not_affordable,not_recommended,none,,none,Requested INR 241200 cannot be paid within the forecast window without breaking the minimum balance of INR 80300; safe amount today is INR 27240.4.
request_117,880,affordable_now,full_payment,2026-07-05:880,2026-07-05,none,Balance comfortably covers the full EUR 880 on 2026-07-05 while keeping at least EUR 1000 after all projected essentials.
request_118,738.1,affordable_now,full_payment,2024-12-07:738.1,2024-12-07,none,Balance comfortably covers the full EUR 738.1 on 2024-12-07 while keeping at least EUR 600 after all projected essentials.
request_119,0,not_affordable,not_recommended,none,,none,Requested INR 203500 cannot be paid within the forecast window without breaking the minimum balance of INR 151200; safe amount today is INR 0.
request_120,7714000,affordable_now,full_payment,2026-04-06:7714000,2026-04-06,none,Balance comfortably covers the full IDR 7714000 on 2026-04-06 while keeping at least IDR 20050300 after all projected essentials.
request_121,633.6,affordable_now,full_payment,2024-03-03:633.6,2024-03-03,none,Balance comfortably covers the full USD 633.6 on 2024-03-03 while keeping at least USD 800 after all projected essentials.
request_122,20558000,affordable_now,full_payment,2025-08-05:20558000,2025-08-05,none,Balance comfortably covers the full IDR 20558000 on 2025-08-05 while keeping at least IDR 12588500 after all projected essentials.
request_123,4076000,affordable_now,full_payment,2026-01-07:4076000,2026-01-07,none,Balance comfortably covers the full IDR 4076000 on 2026-01-07 while keeping at least IDR 18091200 after all projected essentials.
request_124,1488.31,affordable_with_plan,installments,2024-06-11:1076.12|2024-07-12:1076.12|2024-08-12:1076.12,2024-06-15,none,"Installment option payment_option_352 (3 payments of EUR 1076.12 starting 2024-06-11) keeps the balance above EUR 1600 and completes by 2024-08-12, adding 248.32 in financing cost."
request_125,6468,affordable_now,full_payment,2025-11-06:6468,2025-11-06,none,Balance comfortably covers the full ZAR 6468 on 2025-11-06 while keeping at least ZAR 11300 after all projected essentials.
request_126,159600,affordable_now,full_payment,2026-07-03:159600,2026-07-03,none,Balance comfortably covers the full INR 159600 on 2026-07-03 while keeping at least INR 129700 after all projected essentials.
request_127,0,not_affordable,not_recommended,none,,none,Requested ZAR 23980 cannot be paid within the forecast window without breaking the minimum balance of ZAR 41000; safe amount today is ZAR 0.
request_128,25168,affordable_now,full_payment,2025-02-07:25168,2025-02-07,none,Balance comfortably covers the full ZAR 25168 on 2025-02-07 while keeping at least ZAR 42600 after all projected essentials.
request_129,203.61,not_affordable,not_recommended,none,,none,Requested USD 2668.8 cannot be paid within the forecast window without breaking the minimum balance of USD 800; safe amount today is USD 203.61.
request_130,664.17,affordable_later,wait,2024-12-15:1978.8,2024-12-15,none,"Paying in full today would drop the balance below the required USD 1400. The first safe full-payment date is 2024-12-15, before the deadline of 2025-02-15."
request_131,1598.54,affordable_with_plan,installments,2025-05-06:643.14|2025-06-03:643.14|2025-07-01:643.14,2025-05-15,none,"Installment option payment_option_372 (3 payments of USD 643.14 starting 2025-05-06) keeps the balance above USD 1100 and completes by 2025-07-01, adding 148.44 in financing cost."
request_132,379.86,affordable_now,full_payment,2026-01-05:379.86,2026-01-05,none,Balance comfortably covers the full USD 379.86 on 2026-01-05 while keeping at least USD 1100 after all projected essentials.
request_133,5527211.08,not_affordable,not_recommended,none,,none,Requested IDR 15770000 cannot be paid within the forecast window without breaking the minimum balance of IDR 9986200; safe amount today is IDR 5527211.08.
request_134,7352304.68,affordable_later,wait,2025-08-15:21831000,2025-08-15,none,"Paying in full today would drop the balance below the required IDR 15902500. The first safe full-payment date is 2025-08-15, before the deadline of 2025-10-15."
request_135,304.8,affordable_now,full_payment,2026-07-06:304.8,2026-07-06,none,Balance comfortably covers the full USD 304.8 on 2026-07-06 while keeping at least USD 500 after all projected essentials.
request_136,560.4,affordable_now,full_payment,2024-06-03:560.4,2024-06-03,none,Balance comfortably covers the full USD 560.4 on 2024-06-03 while keeping at least USD 1100 after all projected essentials.
request_137,42114.12,affordable_later,wait,2025-11-15:80100,2025-11-15,none,"Paying in full today would drop the balance below the required INR 71800. The first safe full-payment date is 2025-11-15, before the deadline of 2026-01-15."
request_138,967.72,affordable_with_plan,installments,2026-04-07:435.74|2026-05-05:435.74|2026-06-02:435.74,2026-04-15,none,"Installment option payment_option_393 (3 payments of EUR 435.74 starting 2026-04-07) keeps the balance above EUR 2300 and completes by 2026-06-02, adding 100.56 in financing cost."
request_139,1562.51,affordable_with_plan,installments,2024-09-07:802.88|2024-10-08:802.88|2024-11-08:802.88,2024-09-15,none,"Installment option payment_option_395 (3 payments of USD 802.88 starting 2024-09-07) keeps the balance above USD 1500 and completes by 2024-11-08, adding 185.28 in financing cost."
request_140,0,not_affordable,not_recommended,none,,none,Requested ZAR 62832 cannot be paid within the forecast window without breaking the minimum balance of ZAR 21600; safe amount today is ZAR 0.
request_141,39133.55,not_affordable,not_recommended,none,,none,Requested INR 171600 cannot be paid within the forecast window without breaking the minimum balance of INR 67300; safe amount today is INR 39133.55.
request_142,1263.6,affordable_now,full_payment,2024-12-05:1263.6,2024-12-05,none,Balance comfortably covers the full USD 1263.6 on 2024-12-05 while keeping at least USD 1700 after all projected essentials.
request_143,4485.27,affordable_later,wait,2025-06-15:12584,2025-06-15,none,"Paying in full today would drop the balance below the required ZAR 11300. The first safe full-payment date is 2025-06-15, before the deadline of 2025-07-15."
request_144,0,not_affordable,not_recommended,none,,none,Requested USD 233.34 cannot be paid within the forecast window without breaking the minimum balance of USD 600; safe amount today is USD 0.
request_145,63516.53,affordable_with_plan,installments,2024-03-20:75365.33|2024-04-20:75365.33|2024-05-21:75365.33,2024-04-15,none,"Installment option payment_option_412 (3 payments of INR 75365.33 starting 2024-03-20) keeps the balance above INR 155400 and completes by 2024-05-21, adding 17391.98 in financing cost."
request_146,37914.32,affordable_later,wait,2025-09-15:449400,2025-09-15,none,"Paying in full today would drop the balance below the required INR 108600. The first safe full-payment date is 2025-09-15, before the deadline of 2025-10-17."
request_147,0,not_affordable,not_recommended,none,,none,Requested EUR 1129.7 cannot be paid within the forecast window without breaking the minimum balance of EUR 900; safe amount today is EUR 0.
request_148,11625.68,affordable_with_plan,installments,2024-06-14:7710.56|2024-07-15:7710.56|2024-08-15:7710.56,2024-06-15,none,"Installment option payment_option_421 (3 payments of ZAR 7710.56 starting 2024-06-14) keeps the balance above ZAR 20000 and completes by 2024-08-15, adding 1779.36 in financing cost."
request_149,29961.29,affordable_with_plan,installments,2025-11-18:12706.03|2025-12-16:12706.03|2026-01-13:12706.03,2025-11-15,none,"Installment option payment_option_424 (3 payments of ZAR 12706.03 starting 2025-11-18) keeps the balance above ZAR 42100 and completes by 2026-01-13, adding 2932.18 in financing cost."
request_150,444.16,affordable_with_plan,installments,2026-01-06:171.98|2026-02-05:171.98|2026-03-07:171.98,2026-01-15,none,"Installment option payment_option_427 (3 payments of EUR 171.98 starting 2026-01-06) keeps the balance above EUR 700 and completes by 2026-03-07, adding 39.68 in financing cost."
request_151,26999000,affordable_now,full_payment,2024-09-03:26999000,2024-09-03,none,Balance comfortably covers the full IDR 26999000 on 2024-09-03 while keeping at least IDR 31633600 after all projected essentials.
request_152,12378.27,affordable_with_plan,installments,2025-02-12:4812.43|2025-03-12:4812.43|2025-04-09:4812.43,2025-02-15,none,"Installment option payment_option_433 (3 payments of ZAR 4812.43 starting 2025-02-12) keeps the balance above ZAR 11900 and completes by 2025-04-09, adding 1110.58 in financing cost."
request_153,406.6,affordable_later,wait,2026-09-15:2830.8,2026-09-15,none,"Paying in full today would drop the balance below the required USD 1400. The first safe full-payment date is 2026-09-15, before the deadline of 2026-09-24."
request_154,1625.8,affordable_now,full_payment,2024-12-04:1625.8,2024-12-04,none,Balance comfortably covers the full EUR 1625.8 on 2024-12-04 while keeping at least EUR 1300 after all projected essentials.
request_155,96215.22,not_affordable,not_recommended,none,,none,Requested INR 112500 cannot be paid within the forecast window without breaking the minimum balance of INR 56300; safe amount today is INR 96215.22.
request_156,10775.95,affordable_later,wait,2026-05-15:43076,2026-05-15,none,"Paying in full today would drop the balance below the required ZAR 26900. The first safe full-payment date is 2026-05-15, before the deadline of 2026-06-15."
request_157,7493634.36,affordable_later,wait,2024-03-15:23503000,2024-03-15,none,"Paying in full today would drop the balance below the required IDR 15714100. The first safe full-payment date is 2024-03-15, before the deadline of 2024-05-15."
request_158,242600,affordable_now,full_payment,2025-08-07:242600,2025-08-07,none,Balance comfortably covers the full INR 242600 on 2025-08-07 while keeping at least INR 131400 after all projected essentials.
request_159,11587.06,not_affordable,not_recommended,none,,none,Requested ZAR 13398 cannot be paid within the forecast window without breaking the minimum balance of ZAR 8700; safe amount today is ZAR 11587.06.
request_160,643.61,affordable_with_plan,installments,2024-06-13:432.05|2024-07-14:432.05|2024-08-14:432.05,2024-06-15,none,"Installment option payment_option_454 (3 payments of EUR 432.05 starting 2024-06-13) keeps the balance above EUR 1200 and completes by 2024-08-14, adding 99.7 in financing cost."
request_161,0,not_affordable,not_recommended,none,,none,Requested IDR 21204000 cannot be paid within the forecast window without breaking the minimum balance of IDR 23010400; safe amount today is IDR 0.
request_162,5509832.56,not_affordable,not_recommended,none,,none,Requested IDR 83923000 cannot be paid within the forecast window without breaking the minimum balance of IDR 24161100; safe amount today is IDR 5509832.56.
request_163,14033083.29,affordable_with_plan,installments,2024-09-10:6692053.33|2024-10-11:6692053.33|2024-11-11:6692053.33,2024-09-15,none,"Installment option payment_option_462 (3 payments of IDR 6692053.33 starting 2024-09-10) keeps the balance above IDR 26728700 and completes by 2024-11-11, adding 1544319.98 in financing cost."
request_164,27018000,affordable_now,full_payment,2025-02-04:27018000,2025-02-04,none,Balance comfortably covers the full IDR 27018000 on 2025-02-04 while keeping at least IDR 29550500 after all projected essentials.
request_165,80600,affordable_now,full_payment,2026-04-06:80600,2026-04-06,none,Balance comfortably covers the full INR 80600 on 2026-04-06 while keeping at least INR 95000 after all projected essentials.
request_166,2907.6,affordable_now,full_payment,2024-12-03:2907.6,2024-12-03,none,Balance comfortably covers the full USD 2907.6 on 2024-12-03 while keeping at least USD 1700 after all projected essentials.
request_167,43802,affordable_now,full_payment,2025-05-05:43802,2025-05-05,none,Balance comfortably covers the full ZAR 43802 on 2025-05-05 while keeping at least ZAR 31200 after all projected essentials.
request_168,49380,affordable_now,full_payment,2026-01-07:49380,2026-01-07,none,Balance comfortably covers the full INR 49380 on 2026-01-07 while keeping at least INR 114400 after all projected essentials.
request_169,41976,affordable_now,full_payment,2024-03-04:41976,2024-03-04,none,Balance comfortably covers the full ZAR 41976 on 2024-03-04 while keeping at least ZAR 18700 after all projected essentials.
request_170,34501444.61,affordable_with_plan,installments,2025-08-06:12804480|2025-09-03:12804480|2025-10-01:12804480,2025-08-15,none,"Installment option payment_option_483 (3 payments of IDR 12804480 starting 2025-08-06) keeps the balance above IDR 24715800 and completes by 2025-10-01, adding 2954880 in financing cost."
request_171,149.55,not_affordable,not_recommended,none,,none,Requested EUR 1878.8 cannot be paid within the forecast window without breaking the minimum balance of EUR 500; safe amount today is EUR 149.55.
request_172,10200,affordable_now,full_payment,2024-06-05:10200,2024-06-05,none,Balance comfortably covers the full ZAR 10200 on 2024-06-05 while keeping at least ZAR 27200 after all projected essentials.
request_173,75150.53,affordable_with_plan,installments,2025-11-21:39173.33|2025-12-19:39173.33|2026-01-16:39173.33,2025-11-15,none,"Installment option payment_option_491 (3 payments of INR 39173.33 starting 2025-11-21) keeps the balance above INR 79100 and completes by 2026-01-16, adding 9039.98 in financing cost."
request_174,1146.2,affordable_now,full_payment,2026-04-04:1146.2,2026-04-04,none,Balance comfortably covers the full EUR 1146.2 on 2026-04-04 while keeping at least EUR 700 after all projected essentials.
request_175,2346.3,affordable_now,full_payment,2024-09-06:2346.3,2024-09-06,none,Balance comfortably covers the full EUR 2346.3 on 2024-09-06 while keeping at least EUR 1700 after all projected essentials.
request_176,521.47,not_affordable,not_recommended,none,,none,Requested EUR 1239.7 cannot be paid within the forecast window without breaking the minimum balance of EUR 600; safe amount today is EUR 521.47.
request_177,1017.6,affordable_now,full_payment,2026-01-05:1017.6,2026-01-05,none,Balance comfortably covers the full USD 1017.6 on 2026-01-05 while keeping at least USD 1300 after all projected essentials.
request_178,2938.1,affordable_now,full_payment,2024-12-07:2938.1,2024-12-07,none,Balance comfortably covers the full EUR 2938.1 on 2024-12-07 while keeping at least EUR 1400 after all projected essentials.
request_179,14486034.27,affordable_later,wait,2025-06-15:41648000,2025-06-15,none,"Paying in full today would drop the balance below the required IDR 41430800. The first safe full-payment date is 2025-06-15, before the deadline of 2025-07-15."
request_180,0,not_affordable,not_recommended,none,,none,Requested INR 66500 cannot be paid within the forecast window without breaking the minimum balance of INR 37300; safe amount today is INR 0.
request_181,716.78,not_affordable,not_recommended,none,,none,Requested USD 5059.2 cannot be paid within the forecast window without breaking the minimum balance of USD 2000; safe amount today is USD 716.78.
request_182,65714,affordable_now,full_payment,2025-08-05:65714,2025-08-05,none,Balance comfortably covers the full ZAR 65714 on 2025-08-05 while keeping at least ZAR 31100 after all projected essentials.
request_183,26536508.21,affordable_with_plan,full_payment,2026-04-07:26866000,2026-04-07,stop:event_16814,Balance comfortably covers the full IDR 26866000 on 2026-04-07 while keeping at least IDR 11878300 after all projected essentials. This requires spending changes: stop event_16814.
request_184,29370.1,not_affordable,not_recommended,none,,none,Requested INR 251900 cannot be paid within the forecast window without breaking the minimum balance of INR 110800; safe amount today is INR 29370.1.
request_185,551.49,affordable_later,wait,2025-11-15:1257.3,2025-11-15,none,"Paying in full today would drop the balance below the required EUR 1300. The first safe full-payment date is 2025-11-15, before the deadline of 2026-01-15."
request_186,11913.72,affordable_later,wait,2026-01-15:26554,2026-01-15,none,"Paying in full today would drop the balance below the required ZAR 22000. The first safe full-payment date is 2026-01-15, before the deadline of 2026-03-15."
request_187,45292.66,affordable_later,wait,2024-10-15:187500,2024-10-15,none,"Paying in full today would drop the balance below the required INR 128300. The first safe full-payment date is 2024-10-15, before the deadline of 2024-11-15."
request_188,238.3,not_affordable,not_recommended,none,,none,Requested EUR 2464 cannot be paid within the forecast window without breaking the minimum balance of EUR 900; safe amount today is EUR 238.3.
request_189,488.4,affordable_now,full_payment,2026-07-04:488.4,2026-07-04,none,Balance comfortably covers the full EUR 488.4 on 2026-07-04 while keeping at least EUR 400 after all projected essentials.
request_190,893.97,affordable_later,wait,2024-12-15:2557.5,2024-12-15,none,"Paying in full today would drop the balance below the required EUR 1600. The first safe full-payment date is 2024-12-15, before the deadline of 2025-02-15."
request_191,664.4,affordable_now,full_payment,2025-05-03:664.4,2025-05-03,none,Balance comfortably covers the full EUR 664.4 on 2025-05-03 while keeping at least EUR 500 after all projected essentials.
request_192,264.77,not_affordable,not_recommended,none,,none,Requested USD 2046 cannot be paid within the forecast window without breaking the minimum balance of USD 1000; safe amount today is USD 264.77.
request_193,243.62,affordable_with_plan,installments,2024-03-21:420.23|2024-04-21:420.23|2024-05-22:420.23,2024-03-15,none,"Installment option payment_option_549 (3 payments of EUR 420.23 starting 2024-03-21) keeps the balance above EUR 1000 and completes by 2024-05-22, adding 96.98 in financing cost."
request_194,56319.94,affordable_later,wait,2025-09-15:132800,2025-09-15,none,"Paying in full today would drop the balance below the required INR 113600. The first safe full-payment date is 2025-09-15, before the deadline of 2025-10-23."
request_195,1170.4,affordable_now,full_payment,2026-01-06:1170.4,2026-01-06,none,Balance comfortably covers the full EUR 1170.4 on 2026-01-06 while keeping at least EUR 700 after all projected essentials.
request_196,762.3,affordable_now,full_payment,2024-06-03:762.3,2024-06-03,none,Balance comfortably covers the full EUR 762.3 on 2024-06-03 while keeping at least EUR 500 after all projected essentials.
request_197,0,not_affordable,not_recommended,none,,none,Requested IDR 50939000 cannot be paid within the forecast window without breaking the minimum balance of IDR 26245900; safe amount today is IDR 0.
request_198,185800,affordable_now,full_payment,2026-07-07:185800,2026-07-07,none,Balance comfortably covers the full INR 185800 on 2026-07-07 while keeping at least INR 124300 after all projected essentials.
request_199,23674000,affordable_now,full_payment,2024-09-04:23674000,2024-09-04,none,Balance comfortably covers the full IDR 23674000 on 2024-09-04 while keeping at least IDR 25359500 after all projected essentials.
request_200,21717000,affordable_now,full_payment,2025-02-06:21717000,2025-02-06,none,Balance comfortably covers the full IDR 21717000 on 2025-02-06 while keeping at least IDR 20114600 after all projected essentials.
request_201,23997000,affordable_now,full_payment,2026-04-03:23997000,2026-04-03,none,Balance comfortably covers the full IDR 23997000 on 2026-04-03 while keeping at least IDR 17304500 after all projected essentials.
request_202,123900,affordable_now,full_payment,2024-12-05:123900,2024-12-05,none,Balance comfortably covers the full INR 123900 on 2024-12-05 while keeping at least INR 147800 after all projected essentials.
request_203,1442.1,affordable_now,full_payment,2025-05-07:1442.1,2025-05-07,none,Balance comfortably covers the full EUR 1442.1 on 2025-05-07 while keeping at least EUR 1400 after all projected essentials.
request_204,0,not_affordable,not_recommended,none,,none,Requested EUR 588.74 cannot be paid within the forecast window without breaking the minimum balance of EUR 1300; safe amount today is EUR 0.
request_205,10621000,affordable_now,full_payment,2024-03-06:10621000,2024-03-06,none,Balance comfortably covers the full IDR 10621000 on 2024-03-06 while keeping at least IDR 13994300 after all projected essentials.
request_206,1404.7,affordable_now,full_payment,2025-08-03:1404.7,2025-08-03,none,Balance comfortably covers the full EUR 1404.7 on 2025-08-03 while keeping at least EUR 900 after all projected essentials.
request_207,8203.71,affordable_later,wait,2026-07-15:11830,2026-07-15,none,"Paying in full today would drop the balance below the required ZAR 13600. The first safe full-payment date is 2026-07-15, before the deadline of 2026-07-24."
request_208,4413000,affordable_now,full_payment,2024-06-07:4413000,2024-06-07,none,Balance comfortably covers the full IDR 4413000 on 2024-06-07 while keeping at least IDR 10470700 after all projected essentials.
request_209,4760.11,not_affordable,not_recommended,none,,none,Requested ZAR 56914 cannot be paid within the forecast window without breaking the minimum balance of ZAR 18400; safe amount today is ZAR 4760.11.
request_210,1115.68,affordable_with_plan,installments,2026-04-06:471.48|2026-05-04:471.48|2026-06-01:471.48,2026-04-15,none,"Installment option payment_option_603 (3 payments of USD 471.48 starting 2026-04-06) keeps the balance above USD 2000 and completes by 2026-06-01, adding 108.84 in financing cost."
request_211,578.08,affordable_later,wait,2024-09-15:1788.6,2024-09-15,none,"Paying in full today would drop the balance below the required EUR 1500. The first safe full-payment date is 2024-09-15, before the deadline of 2024-11-15."
request_212,11730627.58,not_affordable,not_recommended,none,,none,Requested IDR 71934000 cannot be paid within the forecast window without breaking the minimum balance of IDR 29579800; safe amount today is IDR 11730627.58.
request_213,3362.4,affordable_now,full_payment,2026-01-07:3362.4,2026-01-07,none,Balance comfortably covers the full USD 3362.4 on 2026-01-07 while keeping at least USD 2100 after all projected essentials.
request_214,69750,affordable_now,full_payment,2024-12-04:69750,2024-12-04,none,Balance comfortably covers the full INR 69750 on 2024-12-04 while keeping at least INR 174900 after all projected essentials.
request_215,29986,affordable_now,full_payment,2025-05-06:29986,2025-05-06,none,Balance comfortably covers the full ZAR 29986 on 2025-05-06 while keeping at least ZAR 15700 after all projected essentials.
request_216,830.67,affordable_later,wait,2026-08-15:3332.4,2026-08-15,none,"Paying in full today would drop the balance below the required USD 1800. The first safe full-payment date is 2026-08-15, before the deadline of 2026-09-15."
request_217,24671.85,affordable_with_plan,installments,2024-03-19:12889.07|2024-04-19:12889.07|2024-05-20:12889.07,2024-03-15,none,"Installment option payment_option_622 (3 payments of ZAR 12889.07 starting 2024-03-19) keeps the balance above ZAR 26800 and completes by 2024-05-20, adding 2974.42 in financing cost."
request_218,29366064.34,affordable_with_plan,installments,2025-08-07:21195893.33|2025-09-04:21195893.33|2025-10-02:21195893.33,2025-08-15,none,"Installment option payment_option_625 (3 payments of IDR 21195893.33 starting 2025-08-07) keeps the balance above IDR 34477200 and completes by 2025-10-02, adding 4891359.98 in financing cost."
request_219,0,not_affordable,not_recommended,none,,none,Requested EUR 1673.1 cannot be paid within the forecast window without breaking the minimum balance of EUR 1100; safe amount today is EUR 0.
request_220,249.32,not_affordable,not_recommended,none,,none,Requested EUR 3118.5 cannot be paid within the forecast window without breaking the minimum balance of EUR 1100; safe amount today is EUR 249.32.
request_221,109800,affordable_now,full_payment,2025-11-03:109800,2025-11-03,none,Balance comfortably covers the full INR 109800 on 2025-11-03 while keeping at least INR 81500 after all projected essentials.
request_222,34078,affordable_now,full_payment,2026-01-05:34078,2026-01-05,none,Balance comfortably covers the full ZAR 34078 on 2026-01-05 while keeping at least ZAR 27300 after all projected essentials.
request_223,898.7,affordable_now,full_payment,2024-09-07:898.7,2024-09-07,none,Balance comfortably covers the full EUR 898.7 on 2024-09-07 while keeping at least EUR 800 after all projected essentials.
request_224,10327000,affordable_now,full_payment,2025-02-04:10327000,2025-02-04,none,Balance comfortably covers the full IDR 10327000 on 2025-02-04 while keeping at least IDR 22187600 after all projected essentials.
request_225,13453117.97,affordable_with_plan,installments,2026-07-20:7647120|2026-08-19:7647120|2026-09-18:7647120,2026-07-15,none,"Installment option payment_option_647 (3 payments of IDR 7647120 starting 2026-07-20) keeps the balance above IDR 17670700 and completes by 2026-09-18, adding 1764720 in financing cost."
request_226,157000,affordable_now,full_payment,2024-12-03:157000,2024-12-03,none,Balance comfortably covers the full INR 157000 on 2024-12-03 while keeping at least INR 209400 after all projected essentials.
request_227,16231.55,not_affordable,not_recommended,none,,none,Requested INR 259700 cannot be paid within the forecast window without breaking the minimum balance of INR 62900; safe amount today is INR 16231.55.
request_228,0,not_affordable,not_recommended,none,,none,Requested IDR 63327000 cannot be paid within the forecast window without breaking the minimum balance of IDR 26191200; safe amount today is IDR 0.
request_229,599.43,affordable_with_plan,installments,2024-03-18:529.29|2024-04-18:529.29|2024-05-19:529.29,2024-04-15,none,"Installment option payment_option_659 (3 payments of EUR 529.29 starting 2024-03-18) keeps the balance above EUR 1000 and completes by 2024-05-19, adding 122.14 in financing cost."
request_230,3537.6,affordable_now,full_payment,2025-08-06:3537.6,2025-08-06,none,Balance comfortably covers the full EUR 3537.6 on 2025-08-06 while keeping at least EUR 2000 after all projected essentials.
request_231,35706,affordable_now,full_payment,2026-01-03:35706,2026-01-03,none,Balance comfortably covers the full ZAR 35706 on 2026-01-03 while keeping at least ZAR 24300 after all projected essentials.
request_232,0,not_affordable,not_recommended,none,,none,Requested EUR 1970.1 cannot be paid within the forecast window without breaking the minimum balance of EUR 2400; safe amount today is EUR 0.
request_233,0,not_affordable,not_recommended,none,,none,Requested IDR 6241000 cannot be paid within the forecast window without breaking the minimum balance of IDR 10365700; safe amount today is IDR 0.
request_234,317.16,affordable_later,wait,2026-08-15:1213.3,2026-08-15,none,"Paying in full today would drop the balance below the required EUR 700. The first safe full-payment date is 2026-08-15, before the deadline of 2026-09-15."
request_235,967.2,affordable_now,full_payment,2024-09-06:967.2,2024-09-06,none,Balance comfortably covers the full USD 967.2 on 2024-09-06 while keeping at least USD 700 after all projected essentials.
request_236,9314237.28,not_affordable,not_recommended,none,,none,Requested IDR 52383000 cannot be paid within the forecast window without breaking the minimum balance of IDR 16768600; safe amount today is IDR 9314237.28.
request_237,23826000,affordable_now,full_payment,2026-04-05:23826000,2026-04-05,none,Balance comfortably covers the full IDR 23826000 on 2026-04-05 while keeping at least IDR 22431500 after all projected essentials.
request_238,663.6,affordable_now,full_payment,2024-12-07:663.6,2024-12-07,none,Balance comfortably covers the full USD 663.6 on 2024-12-07 while keeping at least USD 700 after all projected essentials.
request_239,642,affordable_now,full_payment,2025-05-04:642,2025-05-04,none,Balance comfortably covers the full USD 642 on 2025-05-04 while keeping at least USD 600 after all projected essentials.
request_240,0,not_affordable,not_recommended,none,,none,Requested INR 101200 cannot be paid within the forecast window without breaking the minimum balance of INR 52800; safe amount today is INR 0.
request_241,21052000,affordable_now,full_payment,2024-03-03:21052000,2024-03-03,none,Balance comfortably covers the full IDR 21052000 on 2024-03-03 while keeping at least IDR 19252000 after all projected essentials.
request_242,0,not_affordable,not_recommended,none,,none,Requested EUR 1966.8 cannot be paid within the forecast window without breaking the minimum balance of EUR 600; safe amount today is EUR 0.
request_243,17468,affordable_now,full_payment,2026-07-07:17468,2026-07-07,none,Balance comfortably covers the full ZAR 17468 on 2026-07-07 while keeping at least ZAR 19900 after all projected essentials.
request_244,49918,affordable_now,full_payment,2024-06-04:49918,2024-06-04,none,Balance comfortably covers the full ZAR 49918 on 2024-06-04 while keeping at least ZAR 45900 after all projected essentials.
request_245,50188.52,affordable_later,wait,2025-11-15:128500,2025-11-15,none,"Paying in full today would drop the balance below the required INR 94600. The first safe full-payment date is 2025-11-15, before the deadline of 2026-01-15."
request_246,64086,affordable_now,full_payment,2026-04-03:64086,2026-04-03,none,Balance comfortably covers the full ZAR 64086 on 2026-04-03 while keeping at least ZAR 39300 after all projected essentials.
request_247,1059.3,affordable_now,full_payment,2024-09-05:1059.3,2024-09-05,none,Balance comfortably covers the full EUR 1059.3 on 2024-09-05 while keeping at least EUR 1300 after all projected essentials.
request_248,1152.36,not_affordable,not_recommended,none,,none,Requested USD 1965.6 cannot be paid within the forecast window without breaking the minimum balance of USD 1300; safe amount today is USD 1152.36.
request_249,253.54,affordable_later,wait,2026-02-15:643.2,2026-02-15,none,"Paying in full today would drop the balance below the required USD 600. The first safe full-payment date is 2026-02-15, before the deadline of 2026-03-15."
request_250,17773.99,not_affordable,not_recommended,none,,none,Requested ZAR 124278 cannot be paid within the forecast window without breaking the minimum balance of ZAR 35300; safe amount today is ZAR 17773.99.
request_251,1513.6,affordable_now,full_payment,2025-05-03:1513.6,2025-05-03,none,Balance comfortably covers the full EUR 1513.6 on 2025-05-03 while keeping at least EUR 1300 after all projected essentials.
request_252,7117886.61,affordable_later,wait,2026-08-15:28082000,2026-08-15,none,"Paying in full today would drop the balance below the required IDR 15152200. The first safe full-payment date is 2026-08-15, before the deadline of 2026-09-15."
request_253,1717.57,affordable_with_plan,installments,2024-03-21:984.6|2024-04-21:984.6|2024-05-22:984.6,2024-03-15,none,"Installment option payment_option_729 (3 payments of EUR 984.6 starting 2024-03-21) keeps the balance above EUR 2300 and completes by 2024-05-22, adding 227.2 in financing cost."
request_254,966.65,affordable_later,wait,2025-09-15:3535.2,2025-09-15,none,"Paying in full today would drop the balance below the required USD 2500. The first safe full-payment date is 2025-09-15, before the deadline of 2025-10-15."
request_255,3345000,affordable_now,full_payment,2026-04-06:3345000,2026-04-06,none,Balance comfortably covers the full IDR 3345000 on 2026-04-06 while keeping at least IDR 9813900 after all projected essentials.
request_256,0,not_affordable,not_recommended,none,,none,Requested INR 218700 cannot be paid within the forecast window without breaking the minimum balance of INR 168600; safe amount today is INR 0.
request_257,812.58,affordable_later,wait,2025-11-15:1352.4,2025-11-15,none,"Paying in full today would drop the balance below the required USD 1600. The first safe full-payment date is 2025-11-15, before the deadline of 2026-01-15."
request_258,1113.6,affordable_now,full_payment,2026-01-07:1113.6,2026-01-07,none,Balance comfortably covers the full USD 1113.6 on 2026-01-07 while keeping at least USD 500 after all projected essentials.
request_259,247.47,affordable_later,wait,2024-10-15:935,2024-10-15,none,"Paying in full today would drop the balance below the required EUR 600. The first safe full-payment date is 2024-10-15, before the deadline of 2024-11-15."
request_260,11812300,affordable_with_plan,partial_payment,2025-02-06:11812300|2025-02-15:40266700,2025-02-15,none,"Only IDR 11812300 is safe today; the remaining IDR 40266700 can be paid on 2025-02-15, completing before the deadline without touching the IDR 20727700 minimum."
request_261,1830.4,affordable_now,full_payment,2026-07-03:1830.4,2026-07-03,none,Balance comfortably covers the full EUR 1830.4 on 2026-07-03 while keeping at least EUR 1500 after all projected essentials.
request_262,9236000,affordable_now,full_payment,2024-12-05:9236000,2024-12-05,none,Balance comfortably covers the full IDR 9236000 on 2024-12-05 while keeping at least IDR 31018500 after all projected essentials.
request_263,10667.71,not_affordable,not_recommended,none,,none,Requested ZAR 51546 cannot be paid within the forecast window without breaking the minimum balance of ZAR 24100; safe amount today is ZAR 10667.71.
request_264,31258.87,affordable_later,wait,2026-05-15:111300,2026-05-15,none,"Paying in full today would drop the balance below the required INR 59500. The first safe full-payment date is 2026-05-15, before the deadline of 2026-06-15."
request_265,45970,affordable_now,full_payment,2024-03-06:45970,2024-03-06,none,Balance comfortably covers the full INR 45970 on 2024-03-06 while keeping at least INR 189700 after all projected essentials.
request_266,904.7,affordable_with_plan,installments,2025-08-03:324.13|2025-08-31:324.13|2025-09-28:324.13,2025-08-15,none,"Installment option payment_option_764 (3 payments of EUR 324.13 starting 2025-08-03) keeps the balance above EUR 900 and completes by 2025-09-28, adding 74.78 in financing cost."
request_267,1900.47,affordable_with_plan,full_payment,2026-01-05:1925,2026-01-05,stop:event_24573,Balance comfortably covers the full EUR 1925 on 2026-01-05 while keeping at least EUR 1500 after all projected essentials. This requires spending changes: stop event_24573.
request_268,1134.52,affordable_with_plan,installments,2024-06-14:841.22|2024-07-15:841.22|2024-08-15:841.22,2024-07-15,none,"Installment option payment_option_770 (3 payments of EUR 841.22 starting 2024-06-14) keeps the balance above EUR 1400 and completes by 2024-08-15, adding 194.12 in financing cost."
request_269,0,not_affordable,not_recommended,none,,none,Requested ZAR 15490 cannot be paid within the forecast window without breaking the minimum balance of ZAR 23100; safe amount today is ZAR 0.
request_270,316.23,not_affordable,not_recommended,none,,none,Requested USD 3028.8 cannot be paid within the forecast window without breaking the minimum balance of USD 1400; safe amount today is USD 316.23.
request_271,33531.85,affordable_later,wait,2024-10-15:91300,2024-10-15,none,"Paying in full today would drop the balance below the required INR 58200. The first safe full-payment date is 2024-10-15, before the deadline of 2024-11-15."
request_272,6962741.29,affordable_with_plan,installments,2025-02-12:4709466.67|2025-03-12:4709466.67|2025-04-09:4709466.67,2025-02-15,none,"Installment option payment_option_780 (3 payments of IDR 4709466.67 starting 2025-02-12) keeps the balance above IDR 7508600 and completes by 2025-04-09, adding 1086800.02 in financing cost."
request_273,12228400,affordable_with_plan,installments,2026-04-07:5498480|2026-05-05:5498480|2026-06-02:5498480,2026-04-15,none,"Installment option payment_option_784 (3 payments of IDR 5498480 starting 2026-04-07) keeps the balance above IDR 18774600 and completes by 2026-06-02, adding 1268880 in financing cost."
request_274,2713.7,affordable_now,full_payment,2024-12-04:2713.7,2024-12-04,none,Balance comfortably covers the full EUR 2713.7 on 2024-12-04 while keeping at least EUR 1800 after all projected essentials.
request_275,15884000,affordable_now,full_payment,2025-05-06:15884000,2025-05-06,none,Balance comfortably covers the full IDR 15884000 on 2025-05-06 while keeping at least IDR 12760100 after all projected essentials.
